-- initial user
INSERT INTO users (name, email, password) VALUES ("midas_application", "midas_application@example.com", "$2y$10$GX.Uzcl1moPjYrQZ7DjxsOB3HkHFLK.WwUA/tVIQ1BgA4LDTBQFtu");

INSERT INTO m_kind_category (id, name, description) VALUES
(2,"Kind_category_2","kind_cat_desc_2")
,(3,"Kind_category_3","kind_cat_desc_3")
,(4,"Kind_category_4","kind_cat_desc_4")
,(5,"Kind_category_5","kind_cat_desc_5")
,(6,"Kind_category_6","kind_cat_desc_6")
,(7,"Kind_category_7","kind_cat_desc_7")
,(8,"Kind_category_8","kind_cat_desc_8")
,(9,"Kind_category_9","kind_cat_desc_9")
,(10,"Kind_category_10","kind_cat_desc_10")
,(11,"Kind_category_11","kind_cat_desc_11")
,(12,"Kind_category_12","kind_cat_desc_12")
,(13,"Kind_category_13","kind_cat_desc_13")
,(14,"Kind_category_14","kind_cat_desc_14")
,(15,"Kind_category_15","kind_cat_desc_15")
,(16,"Kind_category_16","kind_cat_desc_16")
,(17,"Kind_category_17","kind_cat_desc_17")
,(18,"Kind_category_18","kind_cat_desc_18")
,(19,"Kind_category_19","kind_cat_desc_19")
,(20,"Kind_category_20","kind_cat_desc_20")
,(21,"Kind_category_21","kind_cat_desc_21")
,(22,"Kind_category_22","kind_cat_desc_22")
,(23,"Kind_category_23","kind_cat_desc_23")
,(24,"Kind_category_24","kind_cat_desc_24")
,(25,"Kind_category_25","kind_cat_desc_25")
,(26,"Kind_category_26","kind_cat_desc_26")
,(27,"Kind_category_27","kind_cat_desc_27")
,(28,"Kind_category_28","kind_cat_desc_28")
,(29,"Kind_category_29","kind_cat_desc_29")
,(30,"Kind_category_30","kind_cat_desc_30")
,(31,"Kind_category_31","kind_cat_desc_31")
,(32,"Kind_category_32","kind_cat_desc_32")
,(33,"Kind_category_33","kind_cat_desc_33")
,(34,"Kind_category_34","kind_cat_desc_34")
,(35,"Kind_category_35","kind_cat_desc_35")
,(36,"Kind_category_36","kind_cat_desc_36")
,(37,"Kind_category_37","kind_cat_desc_37")
,(38,"Kind_category_38","kind_cat_desc_38")
,(39,"Kind_category_39","kind_cat_desc_39")
,(40,"Kind_category_40","kind_cat_desc_40")
,(41,"Kind_category_41","kind_cat_desc_41")
,(42,"Kind_category_42","kind_cat_desc_42")
,(43,"Kind_category_43","kind_cat_desc_43")
,(44,"Kind_category_44","kind_cat_desc_44")
,(45,"Kind_category_45","kind_cat_desc_45")
,(46,"Kind_category_46","kind_cat_desc_46")
,(47,"Kind_category_47","kind_cat_desc_47")
,(48,"Kind_category_48","kind_cat_desc_48")
,(49,"Kind_category_49","kind_cat_desc_49")
,(50,"Kind_category_50","kind_cat_desc_50")
,(51,"Kind_category_51","kind_cat_desc_51")
,(52,"Kind_category_52","kind_cat_desc_52")
,(53,"Kind_category_53","kind_cat_desc_53")
,(54,"Kind_category_54","kind_cat_desc_54")
,(55,"Kind_category_55","kind_cat_desc_55")
,(56,"Kind_category_56","kind_cat_desc_56")
,(57,"Kind_category_57","kind_cat_desc_57")
,(58,"Kind_category_58","kind_cat_desc_58")
,(59,"Kind_category_59","kind_cat_desc_59")
,(60,"Kind_category_60","kind_cat_desc_60")
,(61,"Kind_category_61","kind_cat_desc_61")
,(62,"Kind_category_62","kind_cat_desc_62")
,(63,"Kind_category_63","kind_cat_desc_63")
,(64,"Kind_category_64","kind_cat_desc_64")
,(65,"Kind_category_65","kind_cat_desc_65")
,(66,"Kind_category_66","kind_cat_desc_66")
,(67,"Kind_category_67","kind_cat_desc_67")
,(68,"Kind_category_68","kind_cat_desc_68")
,(69,"Kind_category_69","kind_cat_desc_69")
,(70,"Kind_category_70","kind_cat_desc_70")
,(71,"Kind_category_71","kind_cat_desc_71")
,(72,"Kind_category_72","kind_cat_desc_72")
,(73,"Kind_category_73","kind_cat_desc_73")
,(74,"Kind_category_74","kind_cat_desc_74")
,(75,"Kind_category_75","kind_cat_desc_75")
,(76,"Kind_category_76","kind_cat_desc_76")
,(77,"Kind_category_77","kind_cat_desc_77")
,(78,"Kind_category_78","kind_cat_desc_78")
,(79,"Kind_category_79","kind_cat_desc_79")
,(80,"Kind_category_80","kind_cat_desc_80")
,(81,"Kind_category_81","kind_cat_desc_81")
,(82,"Kind_category_82","kind_cat_desc_82")
,(83,"Kind_category_83","kind_cat_desc_83")
,(84,"Kind_category_84","kind_cat_desc_84")
,(85,"Kind_category_85","kind_cat_desc_85")
,(86,"Kind_category_86","kind_cat_desc_86")
,(87,"Kind_category_87","kind_cat_desc_87")
,(88,"Kind_category_88","kind_cat_desc_88")
,(89,"Kind_category_89","kind_cat_desc_89")
,(90,"Kind_category_90","kind_cat_desc_90")
,(91,"Kind_category_91","kind_cat_desc_91")
,(92,"Kind_category_92","kind_cat_desc_92")
,(93,"Kind_category_93","kind_cat_desc_93")
,(94,"Kind_category_94","kind_cat_desc_94")
,(95,"Kind_category_95","kind_cat_desc_95")
,(96,"Kind_category_96","kind_cat_desc_96")
,(97,"Kind_category_97","kind_cat_desc_97")
,(98,"Kind_category_98","kind_cat_desc_98")
,(99,"Kind_category_99","kind_cat_desc_99")
,(100,"Kind_category_100","kind_cat_desc_100");

INSERT INTO m_purpose_category (id, name, description) VALUE
(2,"Purpose_category_2","purpose_cat_desc_2")
,(3,"Purpose_category_3","purpose_cat_desc_3")
,(4,"Purpose_category_4","purpose_cat_desc_4")
,(5,"Purpose_category_5","purpose_cat_desc_5")
,(6,"Purpose_category_6","purpose_cat_desc_6")
,(7,"Purpose_category_7","purpose_cat_desc_7")
,(8,"Purpose_category_8","purpose_cat_desc_8")
,(9,"Purpose_category_9","purpose_cat_desc_9")
,(10,"Purpose_category_10","purpose_cat_desc_10")
,(11,"Purpose_category_11","purpose_cat_desc_11")
,(12,"Purpose_category_12","purpose_cat_desc_12")
,(13,"Purpose_category_13","purpose_cat_desc_13")
,(14,"Purpose_category_14","purpose_cat_desc_14")
,(15,"Purpose_category_15","purpose_cat_desc_15")
,(16,"Purpose_category_16","purpose_cat_desc_16")
,(17,"Purpose_category_17","purpose_cat_desc_17")
,(18,"Purpose_category_18","purpose_cat_desc_18")
,(19,"Purpose_category_19","purpose_cat_desc_19")
,(20,"Purpose_category_20","purpose_cat_desc_20")
,(21,"Purpose_category_21","purpose_cat_desc_21")
,(22,"Purpose_category_22","purpose_cat_desc_22")
,(23,"Purpose_category_23","purpose_cat_desc_23")
,(24,"Purpose_category_24","purpose_cat_desc_24")
,(25,"Purpose_category_25","purpose_cat_desc_25")
,(26,"Purpose_category_26","purpose_cat_desc_26")
,(27,"Purpose_category_27","purpose_cat_desc_27")
,(28,"Purpose_category_28","purpose_cat_desc_28")
,(29,"Purpose_category_29","purpose_cat_desc_29")
,(30,"Purpose_category_30","purpose_cat_desc_30")
,(31,"Purpose_category_31","purpose_cat_desc_31")
,(32,"Purpose_category_32","purpose_cat_desc_32")
,(33,"Purpose_category_33","purpose_cat_desc_33")
,(34,"Purpose_category_34","purpose_cat_desc_34")
,(35,"Purpose_category_35","purpose_cat_desc_35")
,(36,"Purpose_category_36","purpose_cat_desc_36")
,(37,"Purpose_category_37","purpose_cat_desc_37")
,(38,"Purpose_category_38","purpose_cat_desc_38")
,(39,"Purpose_category_39","purpose_cat_desc_39")
,(40,"Purpose_category_40","purpose_cat_desc_40")
,(41,"Purpose_category_41","purpose_cat_desc_41")
,(42,"Purpose_category_42","purpose_cat_desc_42")
,(43,"Purpose_category_43","purpose_cat_desc_43")
,(44,"Purpose_category_44","purpose_cat_desc_44")
,(45,"Purpose_category_45","purpose_cat_desc_45")
,(46,"Purpose_category_46","purpose_cat_desc_46")
,(47,"Purpose_category_47","purpose_cat_desc_47")
,(48,"Purpose_category_48","purpose_cat_desc_48")
,(49,"Purpose_category_49","purpose_cat_desc_49")
,(50,"Purpose_category_50","purpose_cat_desc_50")
,(51,"Purpose_category_51","purpose_cat_desc_51")
,(52,"Purpose_category_52","purpose_cat_desc_52")
,(53,"Purpose_category_53","purpose_cat_desc_53")
,(54,"Purpose_category_54","purpose_cat_desc_54")
,(55,"Purpose_category_55","purpose_cat_desc_55")
,(56,"Purpose_category_56","purpose_cat_desc_56")
,(57,"Purpose_category_57","purpose_cat_desc_57")
,(58,"Purpose_category_58","purpose_cat_desc_58")
,(59,"Purpose_category_59","purpose_cat_desc_59")
,(60,"Purpose_category_60","purpose_cat_desc_60")
,(61,"Purpose_category_61","purpose_cat_desc_61")
,(62,"Purpose_category_62","purpose_cat_desc_62")
,(63,"Purpose_category_63","purpose_cat_desc_63")
,(64,"Purpose_category_64","purpose_cat_desc_64")
,(65,"Purpose_category_65","purpose_cat_desc_65")
,(66,"Purpose_category_66","purpose_cat_desc_66")
,(67,"Purpose_category_67","purpose_cat_desc_67")
,(68,"Purpose_category_68","purpose_cat_desc_68")
,(69,"Purpose_category_69","purpose_cat_desc_69")
,(70,"Purpose_category_70","purpose_cat_desc_70")
,(71,"Purpose_category_71","purpose_cat_desc_71")
,(72,"Purpose_category_72","purpose_cat_desc_72")
,(73,"Purpose_category_73","purpose_cat_desc_73")
,(74,"Purpose_category_74","purpose_cat_desc_74")
,(75,"Purpose_category_75","purpose_cat_desc_75")
,(76,"Purpose_category_76","purpose_cat_desc_76")
,(77,"Purpose_category_77","purpose_cat_desc_77")
,(78,"Purpose_category_78","purpose_cat_desc_78")
,(79,"Purpose_category_79","purpose_cat_desc_79")
,(80,"Purpose_category_80","purpose_cat_desc_80")
,(81,"Purpose_category_81","purpose_cat_desc_81")
,(82,"Purpose_category_82","purpose_cat_desc_82")
,(83,"Purpose_category_83","purpose_cat_desc_83")
,(84,"Purpose_category_84","purpose_cat_desc_84")
,(85,"Purpose_category_85","purpose_cat_desc_85")
,(86,"Purpose_category_86","purpose_cat_desc_86")
,(87,"Purpose_category_87","purpose_cat_desc_87")
,(88,"Purpose_category_88","purpose_cat_desc_88")
,(89,"Purpose_category_89","purpose_cat_desc_89")
,(90,"Purpose_category_90","purpose_cat_desc_90")
,(91,"Purpose_category_91","purpose_cat_desc_91")
,(92,"Purpose_category_92","purpose_cat_desc_92")
,(93,"Purpose_category_93","purpose_cat_desc_93")
,(94,"Purpose_category_94","purpose_cat_desc_94")
,(95,"Purpose_category_95","purpose_cat_desc_95")
,(96,"Purpose_category_96","purpose_cat_desc_96")
,(97,"Purpose_category_97","purpose_cat_desc_97")
,(98,"Purpose_category_98","purpose_cat_desc_98")
,(99,"Purpose_category_99","purpose_cat_desc_99")
,(100,"Purpose_category_100","purpose_cat_desc_100");

INSERT INTO m_place_category (id, name, description) VALUES
(2,"Place_category_2","place_cat_desc_2")
,(3,"Place_category_3","place_cat_desc_3")
,(4,"Place_category_4","place_cat_desc_4")
,(5,"Place_category_5","place_cat_desc_5")
,(6,"Place_category_6","place_cat_desc_6")
,(7,"Place_category_7","place_cat_desc_7")
,(8,"Place_category_8","place_cat_desc_8")
,(9,"Place_category_9","place_cat_desc_9")
,(10,"Place_category_10","place_cat_desc_10")
,(11,"Place_category_11","place_cat_desc_11")
,(12,"Place_category_12","place_cat_desc_12")
,(13,"Place_category_13","place_cat_desc_13")
,(14,"Place_category_14","place_cat_desc_14")
,(15,"Place_category_15","place_cat_desc_15")
,(16,"Place_category_16","place_cat_desc_16")
,(17,"Place_category_17","place_cat_desc_17")
,(18,"Place_category_18","place_cat_desc_18")
,(19,"Place_category_19","place_cat_desc_19")
,(20,"Place_category_20","place_cat_desc_20")
,(21,"Place_category_21","place_cat_desc_21")
,(22,"Place_category_22","place_cat_desc_22")
,(23,"Place_category_23","place_cat_desc_23")
,(24,"Place_category_24","place_cat_desc_24")
,(25,"Place_category_25","place_cat_desc_25")
,(26,"Place_category_26","place_cat_desc_26")
,(27,"Place_category_27","place_cat_desc_27")
,(28,"Place_category_28","place_cat_desc_28")
,(29,"Place_category_29","place_cat_desc_29")
,(30,"Place_category_30","place_cat_desc_30")
,(31,"Place_category_31","place_cat_desc_31")
,(32,"Place_category_32","place_cat_desc_32")
,(33,"Place_category_33","place_cat_desc_33")
,(34,"Place_category_34","place_cat_desc_34")
,(35,"Place_category_35","place_cat_desc_35")
,(36,"Place_category_36","place_cat_desc_36")
,(37,"Place_category_37","place_cat_desc_37")
,(38,"Place_category_38","place_cat_desc_38")
,(39,"Place_category_39","place_cat_desc_39")
,(40,"Place_category_40","place_cat_desc_40")
,(41,"Place_category_41","place_cat_desc_41")
,(42,"Place_category_42","place_cat_desc_42")
,(43,"Place_category_43","place_cat_desc_43")
,(44,"Place_category_44","place_cat_desc_44")
,(45,"Place_category_45","place_cat_desc_45")
,(46,"Place_category_46","place_cat_desc_46")
,(47,"Place_category_47","place_cat_desc_47")
,(48,"Place_category_48","place_cat_desc_48")
,(49,"Place_category_49","place_cat_desc_49")
,(50,"Place_category_50","place_cat_desc_50")
,(51,"Place_category_51","place_cat_desc_51")
,(52,"Place_category_52","place_cat_desc_52")
,(53,"Place_category_53","place_cat_desc_53")
,(54,"Place_category_54","place_cat_desc_54")
,(55,"Place_category_55","place_cat_desc_55")
,(56,"Place_category_56","place_cat_desc_56")
,(57,"Place_category_57","place_cat_desc_57")
,(58,"Place_category_58","place_cat_desc_58")
,(59,"Place_category_59","place_cat_desc_59")
,(60,"Place_category_60","place_cat_desc_60")
,(61,"Place_category_61","place_cat_desc_61")
,(62,"Place_category_62","place_cat_desc_62")
,(63,"Place_category_63","place_cat_desc_63")
,(64,"Place_category_64","place_cat_desc_64")
,(65,"Place_category_65","place_cat_desc_65")
,(66,"Place_category_66","place_cat_desc_66")
,(67,"Place_category_67","place_cat_desc_67")
,(68,"Place_category_68","place_cat_desc_68")
,(69,"Place_category_69","place_cat_desc_69")
,(70,"Place_category_70","place_cat_desc_70")
,(71,"Place_category_71","place_cat_desc_71")
,(72,"Place_category_72","place_cat_desc_72")
,(73,"Place_category_73","place_cat_desc_73")
,(74,"Place_category_74","place_cat_desc_74")
,(75,"Place_category_75","place_cat_desc_75")
,(76,"Place_category_76","place_cat_desc_76")
,(77,"Place_category_77","place_cat_desc_77")
,(78,"Place_category_78","place_cat_desc_78")
,(79,"Place_category_79","place_cat_desc_79")
,(80,"Place_category_80","place_cat_desc_80")
,(81,"Place_category_81","place_cat_desc_81")
,(82,"Place_category_82","place_cat_desc_82")
,(83,"Place_category_83","place_cat_desc_83")
,(84,"Place_category_84","place_cat_desc_84")
,(85,"Place_category_85","place_cat_desc_85")
,(86,"Place_category_86","place_cat_desc_86")
,(87,"Place_category_87","place_cat_desc_87")
,(88,"Place_category_88","place_cat_desc_88")
,(89,"Place_category_89","place_cat_desc_89")
,(90,"Place_category_90","place_cat_desc_90")
,(91,"Place_category_91","place_cat_desc_91")
,(92,"Place_category_92","place_cat_desc_92")
,(93,"Place_category_93","place_cat_desc_93")
,(94,"Place_category_94","place_cat_desc_94")
,(95,"Place_category_95","place_cat_desc_95")
,(96,"Place_category_96","place_cat_desc_96")
,(97,"Place_category_97","place_cat_desc_97")
,(98,"Place_category_98","place_cat_desc_98")
,(99,"Place_category_99","place_cat_desc_99")
,(100,"Place_category_100","place_cat_desc_100");

INSERT INTO m_kind_element (id, name, description, priority, category_id) VALUES
(2,"kind_element_2","kind_ele_desc_2",2,2)
,(3,"kind_element_3","kind_ele_desc_3",3,3)
,(4,"kind_element_4","kind_ele_desc_4",4,4)
,(5,"kind_element_5","kind_ele_desc_5",5,5)
,(6,"kind_element_6","kind_ele_desc_6",6,6)
,(7,"kind_element_7","kind_ele_desc_7",7,7)
,(8,"kind_element_8","kind_ele_desc_8",8,8)
,(9,"kind_element_9","kind_ele_desc_9",9,9)
,(10,"kind_element_10","kind_ele_desc_10",10,10)
,(11,"kind_element_11","kind_ele_desc_11",11,11)
,(12,"kind_element_12","kind_ele_desc_12",12,12)
,(13,"kind_element_13","kind_ele_desc_13",13,13)
,(14,"kind_element_14","kind_ele_desc_14",14,14)
,(15,"kind_element_15","kind_ele_desc_15",15,15)
,(16,"kind_element_16","kind_ele_desc_16",16,16)
,(17,"kind_element_17","kind_ele_desc_17",17,17)
,(18,"kind_element_18","kind_ele_desc_18",18,18)
,(19,"kind_element_19","kind_ele_desc_19",19,19)
,(20,"kind_element_20","kind_ele_desc_20",20,20)
,(21,"kind_element_21","kind_ele_desc_21",21,21)
,(22,"kind_element_22","kind_ele_desc_22",22,22)
,(23,"kind_element_23","kind_ele_desc_23",23,23)
,(24,"kind_element_24","kind_ele_desc_24",24,24)
,(25,"kind_element_25","kind_ele_desc_25",25,25)
,(26,"kind_element_26","kind_ele_desc_26",26,26)
,(27,"kind_element_27","kind_ele_desc_27",27,27)
,(28,"kind_element_28","kind_ele_desc_28",28,28)
,(29,"kind_element_29","kind_ele_desc_29",29,29)
,(30,"kind_element_30","kind_ele_desc_30",30,30)
,(31,"kind_element_31","kind_ele_desc_31",31,31)
,(32,"kind_element_32","kind_ele_desc_32",32,32)
,(33,"kind_element_33","kind_ele_desc_33",33,33)
,(34,"kind_element_34","kind_ele_desc_34",34,34)
,(35,"kind_element_35","kind_ele_desc_35",35,35)
,(36,"kind_element_36","kind_ele_desc_36",36,36)
,(37,"kind_element_37","kind_ele_desc_37",37,37)
,(38,"kind_element_38","kind_ele_desc_38",38,38)
,(39,"kind_element_39","kind_ele_desc_39",39,39)
,(40,"kind_element_40","kind_ele_desc_40",40,40)
,(41,"kind_element_41","kind_ele_desc_41",41,41)
,(42,"kind_element_42","kind_ele_desc_42",42,42)
,(43,"kind_element_43","kind_ele_desc_43",43,43)
,(44,"kind_element_44","kind_ele_desc_44",44,44)
,(45,"kind_element_45","kind_ele_desc_45",45,45)
,(46,"kind_element_46","kind_ele_desc_46",46,46)
,(47,"kind_element_47","kind_ele_desc_47",47,47)
,(48,"kind_element_48","kind_ele_desc_48",48,48)
,(49,"kind_element_49","kind_ele_desc_49",49,49)
,(50,"kind_element_50","kind_ele_desc_50",50,50)
,(51,"kind_element_51","kind_ele_desc_51",51,51)
,(52,"kind_element_52","kind_ele_desc_52",52,52)
,(53,"kind_element_53","kind_ele_desc_53",53,53)
,(54,"kind_element_54","kind_ele_desc_54",54,54)
,(55,"kind_element_55","kind_ele_desc_55",55,55)
,(56,"kind_element_56","kind_ele_desc_56",56,56)
,(57,"kind_element_57","kind_ele_desc_57",57,57)
,(58,"kind_element_58","kind_ele_desc_58",58,58)
,(59,"kind_element_59","kind_ele_desc_59",59,59)
,(60,"kind_element_60","kind_ele_desc_60",60,60)
,(61,"kind_element_61","kind_ele_desc_61",61,61)
,(62,"kind_element_62","kind_ele_desc_62",62,62)
,(63,"kind_element_63","kind_ele_desc_63",63,63)
,(64,"kind_element_64","kind_ele_desc_64",64,64)
,(65,"kind_element_65","kind_ele_desc_65",65,65)
,(66,"kind_element_66","kind_ele_desc_66",66,66)
,(67,"kind_element_67","kind_ele_desc_67",67,67)
,(68,"kind_element_68","kind_ele_desc_68",68,68)
,(69,"kind_element_69","kind_ele_desc_69",69,69)
,(70,"kind_element_70","kind_ele_desc_70",70,70)
,(71,"kind_element_71","kind_ele_desc_71",71,71)
,(72,"kind_element_72","kind_ele_desc_72",72,72)
,(73,"kind_element_73","kind_ele_desc_73",73,73)
,(74,"kind_element_74","kind_ele_desc_74",74,74)
,(75,"kind_element_75","kind_ele_desc_75",75,75)
,(76,"kind_element_76","kind_ele_desc_76",76,76)
,(77,"kind_element_77","kind_ele_desc_77",77,77)
,(78,"kind_element_78","kind_ele_desc_78",78,78)
,(79,"kind_element_79","kind_ele_desc_79",79,79)
,(80,"kind_element_80","kind_ele_desc_80",80,80)
,(81,"kind_element_81","kind_ele_desc_81",81,81)
,(82,"kind_element_82","kind_ele_desc_82",82,82)
,(83,"kind_element_83","kind_ele_desc_83",83,83)
,(84,"kind_element_84","kind_ele_desc_84",84,84)
,(85,"kind_element_85","kind_ele_desc_85",85,85)
,(86,"kind_element_86","kind_ele_desc_86",86,86)
,(87,"kind_element_87","kind_ele_desc_87",87,87)
,(88,"kind_element_88","kind_ele_desc_88",88,88)
,(89,"kind_element_89","kind_ele_desc_89",89,89)
,(90,"kind_element_90","kind_ele_desc_90",90,90)
,(91,"kind_element_91","kind_ele_desc_91",91,91)
,(92,"kind_element_92","kind_ele_desc_92",92,92)
,(93,"kind_element_93","kind_ele_desc_93",93,93)
,(94,"kind_element_94","kind_ele_desc_94",94,94)
,(95,"kind_element_95","kind_ele_desc_95",95,95)
,(96,"kind_element_96","kind_ele_desc_96",96,96)
,(97,"kind_element_97","kind_ele_desc_97",97,97)
,(98,"kind_element_98","kind_ele_desc_98",98,98)
,(99,"kind_element_99","kind_ele_desc_99",99,99)
,(100,"kind_element_100","kind_ele_desc_100",100,100);

INSERT INTO m_purpose_element (id, name, description, priority, category_id) VALUES
(2,"purpose_element_2","purpose_ele_desc_2",2,2)
,(3,"purpose_element_3","purpose_ele_desc_3",3,3)
,(4,"purpose_element_4","purpose_ele_desc_4",4,4)
,(5,"purpose_element_5","purpose_ele_desc_5",5,5)
,(6,"purpose_element_6","purpose_ele_desc_6",6,6)
,(7,"purpose_element_7","purpose_ele_desc_7",7,7)
,(8,"purpose_element_8","purpose_ele_desc_8",8,8)
,(9,"purpose_element_9","purpose_ele_desc_9",9,9)
,(10,"purpose_element_10","purpose_ele_desc_10",10,10)
,(11,"purpose_element_11","purpose_ele_desc_11",11,11)
,(12,"purpose_element_12","purpose_ele_desc_12",12,12)
,(13,"purpose_element_13","purpose_ele_desc_13",13,13)
,(14,"purpose_element_14","purpose_ele_desc_14",14,14)
,(15,"purpose_element_15","purpose_ele_desc_15",15,15)
,(16,"purpose_element_16","purpose_ele_desc_16",16,16)
,(17,"purpose_element_17","purpose_ele_desc_17",17,17)
,(18,"purpose_element_18","purpose_ele_desc_18",18,18)
,(19,"purpose_element_19","purpose_ele_desc_19",19,19)
,(20,"purpose_element_20","purpose_ele_desc_20",20,20)
,(21,"purpose_element_21","purpose_ele_desc_21",21,21)
,(22,"purpose_element_22","purpose_ele_desc_22",22,22)
,(23,"purpose_element_23","purpose_ele_desc_23",23,23)
,(24,"purpose_element_24","purpose_ele_desc_24",24,24)
,(25,"purpose_element_25","purpose_ele_desc_25",25,25)
,(26,"purpose_element_26","purpose_ele_desc_26",26,26)
,(27,"purpose_element_27","purpose_ele_desc_27",27,27)
,(28,"purpose_element_28","purpose_ele_desc_28",28,28)
,(29,"purpose_element_29","purpose_ele_desc_29",29,29)
,(30,"purpose_element_30","purpose_ele_desc_30",30,30)
,(31,"purpose_element_31","purpose_ele_desc_31",31,31)
,(32,"purpose_element_32","purpose_ele_desc_32",32,32)
,(33,"purpose_element_33","purpose_ele_desc_33",33,33)
,(34,"purpose_element_34","purpose_ele_desc_34",34,34)
,(35,"purpose_element_35","purpose_ele_desc_35",35,35)
,(36,"purpose_element_36","purpose_ele_desc_36",36,36)
,(37,"purpose_element_37","purpose_ele_desc_37",37,37)
,(38,"purpose_element_38","purpose_ele_desc_38",38,38)
,(39,"purpose_element_39","purpose_ele_desc_39",39,39)
,(40,"purpose_element_40","purpose_ele_desc_40",40,40)
,(41,"purpose_element_41","purpose_ele_desc_41",41,41)
,(42,"purpose_element_42","purpose_ele_desc_42",42,42)
,(43,"purpose_element_43","purpose_ele_desc_43",43,43)
,(44,"purpose_element_44","purpose_ele_desc_44",44,44)
,(45,"purpose_element_45","purpose_ele_desc_45",45,45)
,(46,"purpose_element_46","purpose_ele_desc_46",46,46)
,(47,"purpose_element_47","purpose_ele_desc_47",47,47)
,(48,"purpose_element_48","purpose_ele_desc_48",48,48)
,(49,"purpose_element_49","purpose_ele_desc_49",49,49)
,(50,"purpose_element_50","purpose_ele_desc_50",50,50)
,(51,"purpose_element_51","purpose_ele_desc_51",51,51)
,(52,"purpose_element_52","purpose_ele_desc_52",52,52)
,(53,"purpose_element_53","purpose_ele_desc_53",53,53)
,(54,"purpose_element_54","purpose_ele_desc_54",54,54)
,(55,"purpose_element_55","purpose_ele_desc_55",55,55)
,(56,"purpose_element_56","purpose_ele_desc_56",56,56)
,(57,"purpose_element_57","purpose_ele_desc_57",57,57)
,(58,"purpose_element_58","purpose_ele_desc_58",58,58)
,(59,"purpose_element_59","purpose_ele_desc_59",59,59)
,(60,"purpose_element_60","purpose_ele_desc_60",60,60)
,(61,"purpose_element_61","purpose_ele_desc_61",61,61)
,(62,"purpose_element_62","purpose_ele_desc_62",62,62)
,(63,"purpose_element_63","purpose_ele_desc_63",63,63)
,(64,"purpose_element_64","purpose_ele_desc_64",64,64)
,(65,"purpose_element_65","purpose_ele_desc_65",65,65)
,(66,"purpose_element_66","purpose_ele_desc_66",66,66)
,(67,"purpose_element_67","purpose_ele_desc_67",67,67)
,(68,"purpose_element_68","purpose_ele_desc_68",68,68)
,(69,"purpose_element_69","purpose_ele_desc_69",69,69)
,(70,"purpose_element_70","purpose_ele_desc_70",70,70)
,(71,"purpose_element_71","purpose_ele_desc_71",71,71)
,(72,"purpose_element_72","purpose_ele_desc_72",72,72)
,(73,"purpose_element_73","purpose_ele_desc_73",73,73)
,(74,"purpose_element_74","purpose_ele_desc_74",74,74)
,(75,"purpose_element_75","purpose_ele_desc_75",75,75)
,(76,"purpose_element_76","purpose_ele_desc_76",76,76)
,(77,"purpose_element_77","purpose_ele_desc_77",77,77)
,(78,"purpose_element_78","purpose_ele_desc_78",78,78)
,(79,"purpose_element_79","purpose_ele_desc_79",79,79)
,(80,"purpose_element_80","purpose_ele_desc_80",80,80)
,(81,"purpose_element_81","purpose_ele_desc_81",81,81)
,(82,"purpose_element_82","purpose_ele_desc_82",82,82)
,(83,"purpose_element_83","purpose_ele_desc_83",83,83)
,(84,"purpose_element_84","purpose_ele_desc_84",84,84)
,(85,"purpose_element_85","purpose_ele_desc_85",85,85)
,(86,"purpose_element_86","purpose_ele_desc_86",86,86)
,(87,"purpose_element_87","purpose_ele_desc_87",87,87)
,(88,"purpose_element_88","purpose_ele_desc_88",88,88)
,(89,"purpose_element_89","purpose_ele_desc_89",89,89)
,(90,"purpose_element_90","purpose_ele_desc_90",90,90)
,(91,"purpose_element_91","purpose_ele_desc_91",91,91)
,(92,"purpose_element_92","purpose_ele_desc_92",92,92)
,(93,"purpose_element_93","purpose_ele_desc_93",93,93)
,(94,"purpose_element_94","purpose_ele_desc_94",94,94)
,(95,"purpose_element_95","purpose_ele_desc_95",95,95)
,(96,"purpose_element_96","purpose_ele_desc_96",96,96)
,(97,"purpose_element_97","purpose_ele_desc_97",97,97)
,(98,"purpose_element_98","purpose_ele_desc_98",98,98)
,(99,"purpose_element_99","purpose_ele_desc_99",99,99)
,(100,"purpose_element_100","purpose_ele_desc_100",100,100);

INSERT INTO m_place_element (id, name, description, priority, category_id) VALUES
(2,"place_element_2","place_ele_desc_2",2,2)
,(3,"place_element_3","place_ele_desc_3",3,3)
,(4,"place_element_4","place_ele_desc_4",4,4)
,(5,"place_element_5","place_ele_desc_5",5,5)
,(6,"place_element_6","place_ele_desc_6",6,6)
,(7,"place_element_7","place_ele_desc_7",7,7)
,(8,"place_element_8","place_ele_desc_8",8,8)
,(9,"place_element_9","place_ele_desc_9",9,9)
,(10,"place_element_10","place_ele_desc_10",10,10)
,(11,"place_element_11","place_ele_desc_11",11,11)
,(12,"place_element_12","place_ele_desc_12",12,12)
,(13,"place_element_13","place_ele_desc_13",13,13)
,(14,"place_element_14","place_ele_desc_14",14,14)
,(15,"place_element_15","place_ele_desc_15",15,15)
,(16,"place_element_16","place_ele_desc_16",16,16)
,(17,"place_element_17","place_ele_desc_17",17,17)
,(18,"place_element_18","place_ele_desc_18",18,18)
,(19,"place_element_19","place_ele_desc_19",19,19)
,(20,"place_element_20","place_ele_desc_20",20,20)
,(21,"place_element_21","place_ele_desc_21",21,21)
,(22,"place_element_22","place_ele_desc_22",22,22)
,(23,"place_element_23","place_ele_desc_23",23,23)
,(24,"place_element_24","place_ele_desc_24",24,24)
,(25,"place_element_25","place_ele_desc_25",25,25)
,(26,"place_element_26","place_ele_desc_26",26,26)
,(27,"place_element_27","place_ele_desc_27",27,27)
,(28,"place_element_28","place_ele_desc_28",28,28)
,(29,"place_element_29","place_ele_desc_29",29,29)
,(30,"place_element_30","place_ele_desc_30",30,30)
,(31,"place_element_31","place_ele_desc_31",31,31)
,(32,"place_element_32","place_ele_desc_32",32,32)
,(33,"place_element_33","place_ele_desc_33",33,33)
,(34,"place_element_34","place_ele_desc_34",34,34)
,(35,"place_element_35","place_ele_desc_35",35,35)
,(36,"place_element_36","place_ele_desc_36",36,36)
,(37,"place_element_37","place_ele_desc_37",37,37)
,(38,"place_element_38","place_ele_desc_38",38,38)
,(39,"place_element_39","place_ele_desc_39",39,39)
,(40,"place_element_40","place_ele_desc_40",40,40)
,(41,"place_element_41","place_ele_desc_41",41,41)
,(42,"place_element_42","place_ele_desc_42",42,42)
,(43,"place_element_43","place_ele_desc_43",43,43)
,(44,"place_element_44","place_ele_desc_44",44,44)
,(45,"place_element_45","place_ele_desc_45",45,45)
,(46,"place_element_46","place_ele_desc_46",46,46)
,(47,"place_element_47","place_ele_desc_47",47,47)
,(48,"place_element_48","place_ele_desc_48",48,48)
,(49,"place_element_49","place_ele_desc_49",49,49)
,(50,"place_element_50","place_ele_desc_50",50,50)
,(51,"place_element_51","place_ele_desc_51",51,51)
,(52,"place_element_52","place_ele_desc_52",52,52)
,(53,"place_element_53","place_ele_desc_53",53,53)
,(54,"place_element_54","place_ele_desc_54",54,54)
,(55,"place_element_55","place_ele_desc_55",55,55)
,(56,"place_element_56","place_ele_desc_56",56,56)
,(57,"place_element_57","place_ele_desc_57",57,57)
,(58,"place_element_58","place_ele_desc_58",58,58)
,(59,"place_element_59","place_ele_desc_59",59,59)
,(60,"place_element_60","place_ele_desc_60",60,60)
,(61,"place_element_61","place_ele_desc_61",61,61)
,(62,"place_element_62","place_ele_desc_62",62,62)
,(63,"place_element_63","place_ele_desc_63",63,63)
,(64,"place_element_64","place_ele_desc_64",64,64)
,(65,"place_element_65","place_ele_desc_65",65,65)
,(66,"place_element_66","place_ele_desc_66",66,66)
,(67,"place_element_67","place_ele_desc_67",67,67)
,(68,"place_element_68","place_ele_desc_68",68,68)
,(69,"place_element_69","place_ele_desc_69",69,69)
,(70,"place_element_70","place_ele_desc_70",70,70)
,(71,"place_element_71","place_ele_desc_71",71,71)
,(72,"place_element_72","place_ele_desc_72",72,72)
,(73,"place_element_73","place_ele_desc_73",73,73)
,(74,"place_element_74","place_ele_desc_74",74,74)
,(75,"place_element_75","place_ele_desc_75",75,75)
,(76,"place_element_76","place_ele_desc_76",76,76)
,(77,"place_element_77","place_ele_desc_77",77,77)
,(78,"place_element_78","place_ele_desc_78",78,78)
,(79,"place_element_79","place_ele_desc_79",79,79)
,(80,"place_element_80","place_ele_desc_80",80,80)
,(81,"place_element_81","place_ele_desc_81",81,81)
,(82,"place_element_82","place_ele_desc_82",82,82)
,(83,"place_element_83","place_ele_desc_83",83,83)
,(84,"place_element_84","place_ele_desc_84",84,84)
,(85,"place_element_85","place_ele_desc_85",85,85)
,(86,"place_element_86","place_ele_desc_86",86,86)
,(87,"place_element_87","place_ele_desc_87",87,87)
,(88,"place_element_88","place_ele_desc_88",88,88)
,(89,"place_element_89","place_ele_desc_89",89,89)
,(90,"place_element_90","place_ele_desc_90",90,90)
,(91,"place_element_91","place_ele_desc_91",91,91)
,(92,"place_element_92","place_ele_desc_92",92,92)
,(93,"place_element_93","place_ele_desc_93",93,93)
,(94,"place_element_94","place_ele_desc_94",94,94)
,(95,"place_element_95","place_ele_desc_95",95,95)
,(96,"place_element_96","place_ele_desc_96",96,96)
,(97,"place_element_97","place_ele_desc_97",97,97)
,(98,"place_element_98","place_ele_desc_98",98,98)
,(99,"place_element_99","place_ele_desc_99",99,99)
,(100,"place_element_100","place_ele_desc_100",100,100);

INSERT INTO s_secret value (1, 1);
